{
  "Total" : {
    "transaction" : "Total",
    "sampleCount" : 100,
    "errorCount" : 8,
    "errorPct" : 8.0,
    "meanResTime" : 4420.190000000001,
    "medianResTime" : 3834.5,
    "minResTime" : 967.0,
    "maxResTime" : 10006.0,
    "pct1ResTime" : 8479.4,
    "pct2ResTime" : 10005.95,
    "pct3ResTime" : 10006.0,
    "throughput" : 9.169264624977076,
    "receivedKBytesPerSec" : 51020.138355607,
    "sentKBytesPerSec" : 1.087417476618375
  },
  "HTTP Request" : {
    "transaction" : "HTTP Request",
    "sampleCount" : 100,
    "errorCount" : 8,
    "errorPct" : 8.0,
    "meanResTime" : 4420.190000000001,
    "medianResTime" : 3834.5,
    "minResTime" : 967.0,
    "maxResTime" : 10006.0,
    "pct1ResTime" : 8479.4,
    "pct2ResTime" : 10005.95,
    "pct3ResTime" : 10006.0,
    "throughput" : 9.169264624977076,
    "receivedKBytesPerSec" : 51020.138355607,
    "sentKBytesPerSec" : 1.087417476618375
  }
}