{
  "Total" : {
    "transaction" : "Total",
    "sampleCount" : 100,
    "errorCount" : 5,
    "errorPct" : 5.0,
    "meanResTime" : 4858.969999999999,
    "medianResTime" : 4543.5,
    "minResTime" : 714.0,
    "maxResTime" : 10002.0,
    "pct1ResTime" : 8723.2,
    "pct2ResTime" : 9946.249999999987,
    "pct3ResTime" : 10002.0,
    "throughput" : 9.216589861751151,
    "receivedKBytesPerSec" : 52955.282438076036,
    "sentKBytesPerSec" : 1.1030205933179724
  },
  "HTTP Request" : {
    "transaction" : "HTTP Request",
    "sampleCount" : 100,
    "errorCount" : 5,
    "errorPct" : 5.0,
    "meanResTime" : 4858.969999999999,
    "medianResTime" : 4543.5,
    "minResTime" : 714.0,
    "maxResTime" : 10002.0,
    "pct1ResTime" : 8723.2,
    "pct2ResTime" : 9946.249999999987,
    "pct3ResTime" : 10002.0,
    "throughput" : 9.216589861751151,
    "receivedKBytesPerSec" : 52955.282438076036,
    "sentKBytesPerSec" : 1.1030205933179724
  }
}